,url
0,https://www.douglas.es/es/c/perfumes/fragancias-de-hombre/0102?page=1
1,https://www.douglas.es/es/c/perfumes/fragancias-de-hombre/0102?page=2
2,https://www.douglas.es/es/c/perfumes/fragancias-de-hombre/0102?page=3
3,https://www.douglas.es/es/c/perfumes/fragancias-de-hombre/0102?page=4
4,https://www.douglas.es/es/c/perfumes/fragancias-de-hombre/0102?page=5
5,https://www.douglas.es/es/c/perfumes/fragancias-de-hombre/0102?page=6
6,https://www.douglas.es/es/c/perfumes/fragancias-de-hombre/0102?page=7
7,https://www.douglas.es/es/c/perfumes/fragancias-de-hombre/0102?page=8
8,https://www.douglas.es/es/c/perfumes/fragancias-de-hombre/0102?page=9
9,https://www.douglas.es/es/c/perfumes/fragancias-de-hombre/0102?page=10
10,https://www.douglas.es/es/c/perfumes/fragancias-de-hombre/0102?page=11
11,https://www.douglas.es/es/c/perfumes/fragancias-de-hombre/0102?page=12
12,https://www.douglas.es/es/c/perfumes/fragancias-de-hombre/0102?page=13
13,https://www.douglas.es/es/c/perfumes/fragancias-de-hombre/0102?page=14
14,https://www.douglas.es/es/c/perfumes/fragancias-de-hombre/0102?page=15
15,https://www.douglas.es/es/c/perfumes/fragancias-de-hombre/0102?page=16
16,https://www.douglas.es/es/c/perfumes/fragancias-de-hombre/0102?page=17
17,https://www.douglas.es/es/c/perfumes/fragancias-de-hombre/0102?page=18
18,https://www.douglas.es/es/c/perfumes/fragancias-de-hombre/0102?page=19
19,https://www.douglas.es/es/c/perfumes/fragancias-de-hombre/0102?page=20
20,https://www.douglas.es/es/c/perfumes/fragancias-de-hombre/0102?page=21
21,https://www.douglas.es/es/c/perfumes/fragancias-de-hombre/0102?page=22
22,https://www.douglas.es/es/c/perfumes/fragancias-de-hombre/0102?page=23
23,https://www.douglas.es/es/c/perfumes/fragancias-de-hombre/0102?page=24
24,https://www.douglas.es/es/c/perfumes/fragancias-de-hombre/0102?page=25
25,https://www.douglas.es/es/c/perfumes/fragancias-de-hombre/0102?page=26
26,https://www.douglas.es/es/c/perfumes/fragancias-de-hombre/0102?page=27
27,https://www.douglas.es/es/c/perfumes/fragancias-de-hombre/0102?page=28
28,https://www.douglas.es/es/c/perfumes/fragancias-de-hombre/0102?page=29
29,https://www.douglas.es/es/c/perfumes/fragancias-de-mujer/0101?page=1
30,https://www.douglas.es/es/c/perfumes/fragancias-de-mujer/0101?page=2
31,https://www.douglas.es/es/c/perfumes/fragancias-de-mujer/0101?page=3
32,https://www.douglas.es/es/c/perfumes/fragancias-de-mujer/0101?page=4
33,https://www.douglas.es/es/c/perfumes/fragancias-de-mujer/0101?page=5
34,https://www.douglas.es/es/c/perfumes/fragancias-de-mujer/0101?page=6
35,https://www.douglas.es/es/c/perfumes/fragancias-de-mujer/0101?page=7
36,https://www.douglas.es/es/c/perfumes/fragancias-de-mujer/0101?page=8
37,https://www.douglas.es/es/c/perfumes/fragancias-de-mujer/0101?page=9
38,https://www.douglas.es/es/c/perfumes/fragancias-de-mujer/0101?page=10
39,https://www.douglas.es/es/c/perfumes/fragancias-de-mujer/0101?page=11
40,https://www.douglas.es/es/c/perfumes/fragancias-de-mujer/0101?page=12
41,https://www.douglas.es/es/c/perfumes/fragancias-de-mujer/0101?page=13
42,https://www.douglas.es/es/c/perfumes/fragancias-de-mujer/0101?page=14
43,https://www.douglas.es/es/c/perfumes/fragancias-de-mujer/0101?page=15
44,https://www.douglas.es/es/c/perfumes/fragancias-de-mujer/0101?page=16
45,https://www.douglas.es/es/c/perfumes/fragancias-de-mujer/0101?page=17
46,https://www.douglas.es/es/c/perfumes/fragancias-de-mujer/0101?page=18
47,https://www.douglas.es/es/c/perfumes/fragancias-de-mujer/0101?page=19
48,https://www.douglas.es/es/c/perfumes/fragancias-de-mujer/0101?page=20
49,https://www.douglas.es/es/c/perfumes/fragancias-de-mujer/0101?page=21
50,https://www.douglas.es/es/c/perfumes/fragancias-de-mujer/0101?page=22
51,https://www.douglas.es/es/c/perfumes/fragancias-de-mujer/0101?page=23
52,https://www.douglas.es/es/c/perfumes/fragancias-de-mujer/0101?page=24
53,https://www.douglas.es/es/c/perfumes/fragancias-de-mujer/0101?page=25
54,https://www.douglas.es/es/c/perfumes/fragancias-de-mujer/0101?page=26
55,https://www.douglas.es/es/c/perfumes/fragancias-de-mujer/0101?page=27
56,https://www.douglas.es/es/c/perfumes/fragancias-de-mujer/0101?page=28
57,https://www.douglas.es/es/c/perfumes/fragancias-de-mujer/0101?page=29
58,https://www.douglas.es/es/c/perfumes/fragancias-de-mujer/0101?page=30
59,https://www.douglas.es/es/c/perfumes/fragancias-de-mujer/0101?page=31
60,https://www.douglas.es/es/c/perfumes/fragancias-de-mujer/0101?page=32
61,https://www.douglas.es/es/c/perfumes/fragancias-de-mujer/0101?page=33
62,https://www.douglas.es/es/c/perfumes/fragancias-de-mujer/0101?page=34
63,https://www.douglas.es/es/c/perfumes/fragancias-de-mujer/0101?page=35
64,https://www.douglas.es/es/c/perfumes/fragancias-de-mujer/0101?page=36
65,https://www.douglas.es/es/c/perfumes/fragancias-de-mujer/0101?page=37
66,https://www.douglas.es/es/c/perfumes/fragancias-de-mujer/0101?page=38
67,https://www.douglas.es/es/c/perfumes/fragancias-de-mujer/0101?page=39
68,https://www.douglas.es/es/c/perfumes/fragancias-de-mujer/0101?page=40
69,https://www.douglas.es/es/c/perfumes/fragancias-de-mujer/0101?page=41
70,https://www.douglas.es/es/c/perfumes/fragancias-de-mujer/0101?page=42
71,https://www.douglas.es/es/c/perfumes/fragancias-de-mujer/0101?page=43
72,https://www.douglas.es/es/c/perfumes/fragancias-de-mujer/0101?page=44
73,https://www.douglas.es/es/c/perfumes/fragancias-de-mujer/0101?page=45
